user-id,username,email,password-hash
1,ddinsey0,bmussolini0@yelp.com,wK2>ud2>bVnqa
2,xmold1,clopes1@who.int,"zG5|@SssuRz,JNWF"
3,proxburgh2,edienes2@skype.com,jN7.}1I+
4,swinsper3,gpfeffel3@dedecms.com,yY7)uqo%IZZ+ZDFJ
5,fkingh4,jmacintyre4@mashable.com,uO4+/(>SxfQa'&\
6,lhawken5,rlinck5@tmall.com,kT8+*)Bx@sa#
7,mapplebee6,sprestie6@webeden.co.uk,zD6$av8)cpK`%WUd
8,dosmond7,cfessler7@arizona.edu,"jY3`@.9Zwa""kpEhU"
9,dbabber8,vputterill8@cnn.com,uY6>xJT~zj>.Yx{
10,klintill9,nwornum9@latimes.com,uT1$UpXEZ
11,ggaylorda,fmccreagha@unc.edu,rZ4)T~9p5$Ss
12,phillettb,lcritophb@squidoo.com,bV1?KY)P0lS1=
13,znunneryc,atrumpc@goo.ne.jp,gU9\(OTPt6&Ll
14,mclemesd,jhebrond@chron.com,hN6~lS/|
15,jidwalevanse,pfrisselle@thetimes.co.uk,"qJ6)v1k("")44F"
16,lnelsenf,jbuggsf@deliciousdays.com,"lO3?H,u5Fn%QFj."
17,blicasg,rbrothwoodg@bloomberg.com,bL9/5|DC_J'S
18,fpittelh,tnoddingsh@privacy.gov.au,eO9!!KWxtvd
19,kbirchneri,ccritcheri@hc360.com,xX7(%<!@t26
20,agarleyj,barletj@nydailynews.com,cH4*cRqQ7l~iW2
21,swedmorek,wgallandrek@soup.io,cV2|zS)1nT
22,lruddlel,dheishaml@photobucket.com,yJ9~HV3#XL
23,pblundelm,csailerm@miibeian.gov.cn,zX1~$GxnYcO\}b
24,jwittsn,gbarendsn@blogs.com,"kQ5""G*4'"
25,wquareo,mmcanenyo@phpbb.com,yV9(0%5V=b
26,gtannerp,ndennistounp@webs.com,aQ2/WGO@l8Wo9
27,dbosmanq,tlindebergq@toplist.cz,eB2(_RTA$7{Sm
28,alampkinr,gspoonerr@typepad.com,gO6#Z3R~
29,dcluitts,wfossicks@is.gd,"rC1>,p&""'<{x6S,K"
30,ccraggst,rbonnort@sakura.ne.jp,rW7#?l+`dWAn
31,ggooderhamu,vskeelsu@wiley.com,cE3}7IDbWu8
32,hlyokhinv,acantrellv@dagondesign.com,uJ5!FD|???q3P4
33,bpottberryw,amowbrayw@feedburner.com,"rS0`'\,bOn}Uh3"
34,hmathewsonx,cfibbenx@typepad.com,nB5_D!b+{{&i
35,jjimey,ctrenfieldy@w3.org,wA5~sV5=zN)
36,nlebatteurz,bnellez@reference.com,oT6<iLP+Meg
37,zmellanby10,hthumann10@msu.edu,"uD3,y2_TBWy5R@O"
38,aoscanlan11,dcotterrill11@census.gov,"vM4~MC3!\""=/3{s"
39,lmudd12,ksoitoux12@artisteer.com,pF1=(*>C$g7r
40,rkintish13,cdavenhall13@tiny.cc,tI6$>nRf@XJu
41,jcorwin14,kpendlebury14@unicef.org,"mL2&,mC}vuh"
42,srapper15,elynch15@mozilla.com,"eE4|PC+T$LYJ""l/I"
43,kdundendale16,flagrange16@si.edu,iG9?+EN!
44,aantrack17,dlovewell17@statcounter.com,jA7(xNw+!7As>NO
45,edunsleve18,kkingsnod18@ask.com,bG0+PG+aejeBM
46,codriscoll19,ncopyn19@example.com,nC9=>rczJh3#.5hp
47,kfunnell1a,tanchor1a@china.com.cn,"wL2,a>oGd<O"
48,dohdirscoll1b,acrookall1b@gravatar.com,lU6><APUKBeVIr1
49,gbawme1c,ldowglass1c@princeton.edu,rB3&wi5Pm@Q}
50,ncrossan1d,ncumberlidge1d@aboutads.info,qR5=GI'Rwl*D
51,pcovell1e,jbradnum1e@ow.ly,tP8%wRp@TCy&gWKL
52,jhailwood1f,rpeckett1f@purevolume.com,"eD8|""\eoJm"
53,schevolleau1g,jtincknell1g@creativecommons.org,"tX3(=a{L)ba1C""S|"
54,ekensington1h,mdudley1h@sohu.com,"lS0""t#n6"
55,amilella1i,ffarres1i@blogs.com,kG0)KysBLl$%~Z
56,ggorvette1j,zbaumer1j@craigslist.org,eR2%m{9S~e
57,jwatmough1k,mmcgurn1k@shinystat.com,pN8~q5!+#WeczC
58,fready1l,fscurrey1l@deliciousdays.com,"zO3.g$a7me'Y7.&,"
59,lmcwhirter1m,ariccardelli1m@123-reg.co.uk,bS7@yn!d>x
60,gdriffill1n,gjumeau1n@vk.com,nO2`~l/f/
61,fatwater1o,lgritsaev1o@cdc.gov,cH7&6=Bz
62,hnunns1p,tantham1p@123-reg.co.uk,"aQ6%UubO&*L"""
63,wpawlaczyk1q,ageard1q@com.com,lT6'w4&pav*/|a
64,lcordobes1r,pbackes1r@parallels.com,"fA2(TWol>rE""_"
65,metherson1s,rtweedlie1s@wufoo.com,oT5.6VR=H}|Eq
66,ibick1t,jadamovitch1t@gmpg.org,xP1`5!O9h1F
67,fstuart1u,dduer1u@yelp.com,rL9}snaYyWOa
68,katton1v,cfarn1v@hatena.ne.jp,"zY8|*)5,.nJm"
69,ncartwright1w,bsegot1w@discuz.net,mF8@T~L?
70,tdict1x,ugoward1x@bloglines.com,sG2`{$wm#+
71,lhiley1y,tducham1y@ucoz.ru,"tE8|WDCzXw7,*"
72,lhaddrill1z,flivingston1z@loc.gov,oO1'vNcA@7T
73,cbirkenshaw20,bmockett20@flickr.com,yD4_fjh%'s7}c
74,brenault21,pbeazleigh21@arizona.edu,zE8#pU\UTce_n7{9
75,gcapstack22,mmanketell22@g.co,"uT4""tv)QXgkn"
76,ballenson23,eshoebotham23@sohu.com,"lD7<9U&T,b9cu"
77,tchiswell24,lwrathmall24@ftc.gov,xD2_F9Crva\1xF
78,gdanels25,arowaszkiewicz25@timesonline.co.uk,zO4{l>|4+x/ts!D
79,cllewellen26,fmcgeouch26@amazon.com,cB0&_'(L+A
80,cyearns27,nmacura27@vk.com,sG9_$fD(B`XChs
81,ideanesy28,gbousler28@cargocollective.com,yF9$VEpQDB1`
82,cpechet29,dosgerby29@spiegel.de,aQ2`6nFQ#WqO.`B
83,averlinden2a,lblackesland2a@indiegogo.com,vB0)`h0*mI
84,kbiggar2b,amacskeaghan2b@google.com,oM8%r729
85,lchestle2c,ckordovani2c@illinois.edu,iD8(>L&brLSfPw
86,tstitson2d,dduignan2d@disqus.com,xF8!K?eY4LEX
87,eedgeller2e,eeales2e@seesaa.net,kS7&4Rx(@
88,ebayman2f,spembry2f@purevolume.com,nQ7#akfT
89,tcottu2g,cmanderson2g@furl.net,xG6_n$>9!`eZ=U
90,mbiasini2h,tabbiss2h@spotify.com,tQ2\}}Y6zV?
91,bharston2i,selster2i@comsenz.com,oU0{i2D$B&@\f
92,swixey2j,ctheobold2j@blogger.com,"iY9,CT*Dw6Y1J"
93,stuiller2k,dcrowche2k@walmart.com,xD8{)'q>e3
94,kantoney2l,whrinchishin2l@webeden.co.uk,zG5$&aF%hP
95,fugolini2m,ghimsworth2m@ted.com,"lM2\w\HN_""lo"
96,aranklin2n,abeardsley2n@slashdot.org,dJ2<NoU1XQ4R
97,estrowthers2o,fyakebowitch2o@ucla.edu,cO0=uuF??J
98,gbolderstone2p,gfyrth2p@indiatimes.com,eL2`coav&dYn'
99,grobertot2q,scutcliffe2q@wiley.com,"wJ3""IXphN"
100,wraisbeck2r,lsumbler2r@histats.com,tL7&0cu4q
